Ticker,Company Name,Sector,Date,Incorporation Region,Filing Link
AAPL,Apple Inc.,Information Technology,2021-10-28,CALIFORNIA,https://www.sec.gov/Archives/edgar/data/320193/000032019321000105/aapl-20210925.htm
MSFT,MICROSOFT CORP,Information Technology,2021-07-29,WASHINGTON,https://www.sec.gov/Archives/edgar/data/789019/000156459021039151/msft-10k_20210630.htm
GOOG,Alphabet Inc.,Communication Services,2022-02-01,DELAWARE,https://www.sec.gov/Archives/edgar/data/1652044/000165204422000019/goog-20211231.htm
AMZN,AMAZON COM INC,Consumer Discretionary,2022-02-03,DELAWARE,https://www.sec.gov/Archives/edgar/data/1018724/000101872422000005/amzn-20211231.htm
TSLA,"Tesla, Inc.",Consumer Discretionary,2022-02-04,DELAWARE,https://www.sec.gov/Archives/edgar/data/1318605/000095017022000796/tsla-20211231.htm
BRK.B,BERKSHIRE HATHAWAY INC,Financials,2022-02-28,DELAWARE,https://www.sec.gov/Archives/edgar/data/1067983/000156459022007322/brka-10k_20211231.htm
NVDA,NVIDIA CORP,Information Technology,2022-03-17,DELAWARE,https://www.sec.gov/Archives/edgar/data/1045810/000104581022000036/nvda-20220130.htm
FB,"Meta Platforms, Inc.",Communication Services,2022-02-02,DELAWARE,https://www.sec.gov/Archives/edgar/data/1326801/000132680122000018/fb-20211231.htm
V,VISA INC.,Information Technology,2021-11-18,DELAWARE,https://www.sec.gov/Archives/edgar/data/1403161/000140316121000060/v-20210930.htm
JPM,JPMORGAN CHASE & CO,Financials,2022-02-22,DELAWARE,https://www.sec.gov/Archives/edgar/data/19617/000001961722000272/jpm-20211231.htm
UNH,UNITEDHEALTH GROUP INC,Health Care,2022-02-15,DELAWARE,https://www.sec.gov/Archives/edgar/data/731766/000073176622000008/unh-20211231.htm
JNJ,JOHNSON & JOHNSON,Health Care,2022-02-17,NEW JERSEY,https://www.sec.gov/Archives/edgar/data/200406/000020040622000022/jnj-20220102.htm
PG,PROCTER & GAMBLE Co,Consumer Staples,2021-08-06,OHIO,https://www.sec.gov/Archives/edgar/data/80424/000008042421000100/pg-20210630.htm
WMT,Walmart Inc.,Consumer Staples,2022-03-18,DELAWARE,https://www.sec.gov/Archives/edgar/data/104169/000010416922000012/wmt-20220131.htm
BAC,BANK OF AMERICA CORP /DE/,Financials,2022-02-22,DELAWARE,https://www.sec.gov/Archives/edgar/data/70858/000007085822000062/bac-20211231.htm
HD,"HOME DEPOT, INC.",Consumer Discretionary,2022-03-23,DELAWARE,https://www.sec.gov/Archives/edgar/data/354950/000035495022000070/hd-20220130.htm
MA,Mastercard Inc,Information Technology,2022-02-11,DELAWARE,https://www.sec.gov/Archives/edgar/data/1141391/000114139122000023/ma-20211231.htm
XOM,EXXON MOBIL CORP,Energy,2022-02-23,NEW JERSEY,https://www.sec.gov/Archives/edgar/data/34088/000003408822000011/xom-20211231.htm
DIS,Walt Disney Co,Communication Services,2021-11-24,DELAWARE,https://www.sec.gov/Archives/edgar/data/1744489/000174448921000220/dis-20211002.htm
PFE,PFIZER INC,Health Care,2022-02-24,DELAWARE,https://www.sec.gov/Archives/edgar/data/78003/000007800322000027/pfe-20211231.htm
KO,COCA COLA CO,Consumer Staples,2022-02-22,DELAWARE,https://www.sec.gov/Archives/edgar/data/21344/000002134422000009/ko-20211231.htm
CVX,CHEVRON CORP,Energy,2022-02-24,DELAWARE,https://www.sec.gov/Archives/edgar/data/93410/000009341022000019/cvx-20211231.htm
ABBV,AbbVie Inc.,Health Care,2022-02-18,DELAWARE,https://www.sec.gov/Archives/edgar/data/1551152/000155115222000007/abbv-20211231.htm
AVGO,Broadcom Inc.,Information Technology,2021-12-17,DELAWARE,https://www.sec.gov/Archives/edgar/data/1730168/000173016821000153/avgo-20211031.htm
CSCO,"CISCO SYSTEMS, INC.",Information Technology,2021-09-09,DELAWARE,https://www.sec.gov/Archives/edgar/data/858877/000085887721000013/csco-20210731.htm
WFC,WELLS FARGO & COMPANY/MN,Financials,2022-02-22,DELAWARE,https://www.sec.gov/Archives/edgar/data/72971/000007297122000096/wfc-20211231.htm
PEP,PEPSICO INC,Consumer Staples,2022-02-09,NORTH CAROLINA,https://www.sec.gov/Archives/edgar/data/77476/000007747622000010/pep-20211225.htm
LLY,ELI LILLY & Co,Health Care,2022-02-23,INDIANA,https://www.sec.gov/Archives/edgar/data/59478/000005947822000068/lly-20211231.htm
COST,COSTCO WHOLESALE CORP /NEW,Consumer Staples,2021-10-05,WASHINGTON,https://www.sec.gov/Archives/edgar/data/909832/000090983221000014/cost-20210829.htm
VZ,VERIZON COMMUNICATIONS INC,Communication Services,2022-02-11,DELAWARE,https://www.sec.gov/Archives/edgar/data/732712/000073271222000008/vz-20211231.htm
NKE,"NIKE, Inc.",Consumer Discretionary,2021-07-20,OREGON,https://www.sec.gov/Archives/edgar/data/320187/000032018721000028/nke-20210531.htm
ADBE,ADOBE INC.,Information Technology,2022-01-21,DELAWARE,https://www.sec.gov/Archives/edgar/data/796343/000079634322000032/adbe-20211203.htm
ABT,ABBOTT LABORATORIES,Health Care,2022-02-18,ILLINOIS,https://www.sec.gov/Archives/edgar/data/1800/000110465922025141/abt-20211231x10k.htm
TMO,THERMO FISHER SCIENTIFIC INC.,Health Care,2022-02-24,DELAWARE,https://www.sec.gov/Archives/edgar/data/97745/000009774522000011/tmo-20211231.htm
ACN,Accenture plc,Information Technology,2021-10-15,IRELAND,https://www.sec.gov/Archives/edgar/data/1467373/000146737321000229/acn-20210831.htm
CMCSA,COMCAST CORP,Communication Services,2022-02-02,PENNSYLVANIA,https://www.sec.gov/Archives/edgar/data/1166691/000116669122000009/cmcsa-20211231.htm
ORCL,ORACLE CORP,Information Technology,2021-06-21,UNKNOWN,https://www.sec.gov/Archives/edgar/data/1341439/000156459021033616/orcl-10k_20210531.htm
CRM,"SALESFORCE.COM, INC.",Information Technology,2022-03-11,DELAWARE,https://www.sec.gov/Archives/edgar/data/1108524/000110852422000013/crm-20220131.htm
INTC,INTEL CORP,Information Technology,2022-01-26,DELAWARE,https://www.sec.gov/Archives/edgar/data/50863/000005086322000007/intc-20211225.htm
MRK,"Merck & Co., Inc.",Health Care,2022-02-25,NEW JERSEY,https://www.sec.gov/Archives/edgar/data/310158/000031015822000003/mrk-20211231.htm
DHR,DANAHER CORP /DE/,Health Care,2022-02-23,DELAWARE,https://www.sec.gov/Archives/edgar/data/313616/000031361622000061/dhr-20211231.htm
QCOM,QUALCOMM INC/DE,Information Technology,2021-11-03,DELAWARE,https://www.sec.gov/Archives/edgar/data/804328/000172894921000076/qcom-20210926.htm
MCD,MCDONALDS CORP,Consumer Discretionary,2022-02-24,DELAWARE,https://www.sec.gov/Archives/edgar/data/63908/000006390822000011/mcd-20211231.htm
UPS,UNITED PARCEL SERVICE INC,Industrials,2022-02-22,DELAWARE,https://www.sec.gov/Archives/edgar/data/1090727/000109072722000007/ups-20211231.htm
PM,Philip Morris International Inc.,Consumer Staples,2022-02-11,VIRGINIA,https://www.sec.gov/Archives/edgar/data/1413329/000141332922000011/pm-20211231.htm
MS,MORGAN STANLEY,Financials,2022-02-24,DELAWARE,https://www.sec.gov/Archives/edgar/data/895421/000089542122000400/ms-20211231.htm
NFLX,NETFLIX INC,Communication Services,2022-01-27,DELAWARE,https://www.sec.gov/Archives/edgar/data/1065280/000106528022000036/nflx-20211231.htm
T,AT&T INC.,Communication Services,2022-02-16,DELAWARE,https://www.sec.gov/Archives/edgar/data/732717/000073271722000015/t-20211231.htm
SCHW,SCHWAB CHARLES CORP,Financials,2022-02-24,DELAWARE,https://www.sec.gov/Archives/edgar/data/316709/000031670922000009/schw-20211231.htm
UNP,UNION PACIFIC CORP,Industrials,2022-02-04,UTAH,https://www.sec.gov/Archives/edgar/data/100885/000143774922002494/unp20211231_10k.htm
TMUS,"T-Mobile US, Inc.",Communication Services,2022-02-11,DELAWARE,https://www.sec.gov/Archives/edgar/data/1283699/000128369922000018/tmus-20211231.htm
LIN,LINDE PLC,Materials,2022-02-28,IRELAND,https://www.sec.gov/Archives/edgar/data/1707925/000162828022004180/lin-20211231.htm
TXN,TEXAS INSTRUMENTS INC,Information Technology,2022-02-04,DELAWARE,https://www.sec.gov/Archives/edgar/data/97476/000009747622000009/txn-20211231.htm
LOW,LOWES COMPANIES INC,Consumer Discretionary,2022-03-21,NORTH CAROLINA,https://www.sec.gov/Archives/edgar/data/60667/000006066722000038/low-20220128.htm
AXP,AMERICAN EXPRESS CO,Financials,2022-02-11,NEW YORK,https://www.sec.gov/Archives/edgar/data/4962/000000496222000008/axp-20211231.htm
NEE,NEXTERA ENERGY INC,Utilities,2022-02-18,FLORIDA,https://www.sec.gov/Archives/edgar/data/37634/000075330822000014/nee-20211231.htm
BMY,BRISTOL MYERS SQUIBB CO,Health Care,2022-02-09,DELAWARE,https://www.sec.gov/Archives/edgar/data/14272/000001427222000051/bmy-20211231.htm
RTX,RAYTHEON TECHNOLOGIES CORP,Industrials,2022-02-11,DELAWARE,https://www.sec.gov/Archives/edgar/data/101829/000010182922000005/rtx-20211231.htm
MDT,Medtronic plc,Health Care,2021-06-25,UNKNOWN,https://www.sec.gov/Archives/edgar/data/1613103/000161310321000027/mdt-20210430.htm
INTU,INTUIT INC,Information Technology,2021-09-08,DELAWARE,https://www.sec.gov/Archives/edgar/data/896878/000089687821000233/intu-20210731.htm
AMD,ADVANCED MICRO DEVICES INC,Information Technology,2022-02-03,DELAWARE,https://www.sec.gov/Archives/edgar/data/2488/000000248822000016/amd-20211225.htm
CVS,CVS HEALTH Corp,Health Care,2022-02-09,DELAWARE,https://www.sec.gov/Archives/edgar/data/64803/000006480322000008/cvs-20211231.htm
C,CITIGROUP INC,Financials,2022-02-25,DELAWARE,https://www.sec.gov/Archives/edgar/data/831001/000083100122000036/c-20211231.htm
HON,HONEYWELL INTERNATIONAL INC,Industrials,2022-02-11,DELAWARE,https://www.sec.gov/Archives/edgar/data/773840/000077384022000018/hon-20211231.htm
AMGN,AMGEN INC,Health Care,2022-02-16,DELAWARE,https://www.sec.gov/Archives/edgar/data/318154/000031815422000010/amgn-20211231.htm
BA,BOEING CO,Industrials,2022-01-31,DELAWARE,https://www.sec.gov/Archives/edgar/data/12927/000001292722000010/ba-20211231.htm
PYPL,"PayPal Holdings, Inc.",Information Technology,2022-02-03,UNKNOWN,https://www.sec.gov/Archives/edgar/data/1633917/000163391722000027/pypl-20211231.htm
AMAT,APPLIED MATERIALS INC /DE,Information Technology,2021-12-17,DISTRICT OF COLUMBIA,https://www.sec.gov/Archives/edgar/data/6951/000000695121000043/amat-20211031.htm
COP,CONOCOPHILLIPS,Energy,2022-02-17,DELAWARE,https://www.sec.gov/Archives/edgar/data/1163165/000156276222000031/cop10k2021.htm
DE,DEERE & CO,Industrials,2021-12-16,DELAWARE,https://www.sec.gov/Archives/edgar/data/315189/000155837021016864/de-20211031x10k.htm
GS,GOLDMAN SACHS GROUP INC,Financials,2022-02-24,DELAWARE,https://www.sec.gov/Archives/edgar/data/886982/000119312522052682/d192225d10k.htm
BLK,BlackRock Inc.,Financials,2022-02-25,DELAWARE,https://www.sec.gov/Archives/edgar/data/1364742/000156459022007117/blk-10k_20211231.htm
NOW,"ServiceNow, Inc.",Information Technology,2022-02-03,UNKNOWN,https://www.sec.gov/Archives/edgar/data/1373715/000137371522000024/now-20211231.htm
IBM,INTERNATIONAL BUSINESS MACHINES CORP,Information Technology,2022-02-22,NEW YORK,https://www.sec.gov/Archives/edgar/data/51143/000155837022001584/ibm-20211231x10k.htm
EL,ESTEE LAUDER COMPANIES INC,Consumer Staples,2021-08-27,DELAWARE,https://www.sec.gov/Archives/edgar/data/1001250/000100125021000127/el-20210630.htm
ANTM,"Anthem, Inc.",Health Care,2022-02-16,INDIANA,https://www.sec.gov/Archives/edgar/data/1156039/000115603922000009/antm-20211231.htm
GE,GENERAL ELECTRIC CO,Industrials,2022-02-11,NEW YORK,https://www.sec.gov/Archives/edgar/data/40545/000004054522000008/ge-20211231.htm
BKNG,Booking Holdings Inc.,Consumer Discretionary,2022-02-23,DELAWARE,https://www.sec.gov/Archives/edgar/data/1075531/000107553122000008/bkng-20211231.htm
CHTR,"CHARTER COMMUNICATIONS, INC. /MO/",Communication Services,2022-01-28,UNKNOWN,https://www.sec.gov/Archives/edgar/data/1091667/000109166722000024/chtr-20211231.htm
SBUX,STARBUCKS CORP,Consumer Discretionary,2021-11-19,WASHINGTON,https://www.sec.gov/Archives/edgar/data/829224/000082922421000086/sbux-20211003.htm
PLD,"Prologis, Inc.",Large cap,2022-02-09,MARYLAND,https://www.sec.gov/Archives/edgar/data/1045609/000156459022004436/pld-10k_20211231.htm
LMT,LOCKHEED MARTIN CORP,Industrials,2022-01-25,MARYLAND,https://www.sec.gov/Archives/edgar/data/936468/000093646822000008/lmt-20211231.htm
MU,MICRON TECHNOLOGY INC,Information Technology,2021-10-08,DELAWARE,https://www.sec.gov/Archives/edgar/data/723125/000072312521000065/mu-20210902.htm
CAT,CATERPILLAR INC,Industrials,2022-02-16,DELAWARE,https://www.sec.gov/Archives/edgar/data/18230/000001823022000050/cat-20211231.htm
AMT,AMERICAN TOWER CORP /MA/,Real Estate,2022-02-24,DELAWARE,https://www.sec.gov/Archives/edgar/data/1053507/000105350722000017/amt-20211231.htm
ISRG,INTUITIVE SURGICAL INC,Health Care,2022-02-03,DELAWARE,https://www.sec.gov/Archives/edgar/data/1035267/000103526722000014/isrg-20211231.htm
TGT,TARGET CORP,Consumer Discretionary,2022-03-09,MINNESOTA,https://www.sec.gov/Archives/edgar/data/27419/000002741922000007/tgt-20220129.htm
SYK,STRYKER CORP,Health Care,2022-02-11,MICHIGAN,https://www.sec.gov/Archives/edgar/data/310764/000031076422000028/syk-20211231.htm
MO,"ALTRIA GROUP, INC.",Consumer Staples,2022-02-25,VIRGINIA,https://www.sec.gov/Archives/edgar/data/764180/000076418022000019/mo-20211231.htm
MDLZ,"Mondelez International, Inc.",Consumer Staples,2022-02-04,ILLINOIS,https://www.sec.gov/Archives/edgar/data/1103982/000110398222000003/mdlz-20211231.htm
SPGI,S&P Global Inc.,Financials,2022-02-08,NEW YORK,https://www.sec.gov/Archives/edgar/data/64040/000006404022000055/spgi-20211231.htm
ZTS,Zoetis Inc.,Health Care,2022-02-15,UNKNOWN,https://www.sec.gov/Archives/edgar/data/1555280/000155528022000078/zts-20211231.htm
CB,Chubb Ltd,Financials,2022-02-24,SWITZERLAND,https://www.sec.gov/Archives/edgar/data/896159/000089615922000005/cb-20211231.htm
CME,CME GROUP INC.,Financials,2022-02-25,DELAWARE,https://www.sec.gov/Archives/edgar/data/1156375/000115637522000076/cme-20211231.htm
PNC,"PNC FINANCIAL SERVICES GROUP, INC.",Large cap,2022-02-25,PENNSYLVANIA,https://www.sec.gov/Archives/edgar/data/713676/000071367622000019/pnc-20211231.htm
MMM,3M CO,Industrials,2022-02-09,DELAWARE,https://www.sec.gov/Archives/edgar/data/66740/000006674022000010/mmm-20211231.htm
USB,US BANCORP \DE\,Financials,2022-02-22,DELAWARE,https://www.sec.gov/Archives/edgar/data/36104/000119312522048709/d256232d10k.htm
ADP,AUTOMATIC DATA PROCESSING INC,Information Technology,2021-08-04,DELAWARE,https://www.sec.gov/Archives/edgar/data/8670/000000867021000027/adp-20210630.htm
ADI,ANALOG DEVICES INC,Information Technology,2021-12-03,MASSACHUSETTS,https://www.sec.gov/Archives/edgar/data/6281/000000628121000294/adi-20211030.htm
TFC,TRUIST FINANCIAL CORP,Financials,2022-02-22,NORTH CAROLINA,https://www.sec.gov/Archives/edgar/data/92230/000009223022000008/tfc-20211231.htm
LRCX,LAM RESEARCH CORP,Information Technology,2021-08-17,DELAWARE,https://www.sec.gov/Archives/edgar/data/707549/000070754921000136/lrcx-20210627.htm
HCA,"HCA Healthcare, Inc.",Large cap,2022-02-18,UNKNOWN,https://www.sec.gov/Archives/edgar/data/860730/000119312522046707/d32297d10k.htm
TJX,TJX COMPANIES INC /DE/,Large cap,2021-03-31,DELAWARE,https://www.sec.gov/Archives/edgar/data/109198/000010919821000006/tjx-20210130.htm
CSX,CSX CORP,Industrials,2022-02-16,VIRGINIA,https://www.sec.gov/Archives/edgar/data/277948/000027794822000009/csx-20211231.htm
GILD,"GILEAD SCIENCES, INC.",Health Care,2022-02-23,DELAWARE,https://www.sec.gov/Archives/edgar/data/882095/000088209522000007/gild-20211231.htm
MMC,"MARSH & MCLENNAN COMPANIES, INC.",Financials,2022-02-16,DELAWARE,https://www.sec.gov/Archives/edgar/data/62709/000006270922000009/mmc-20211231.htm
DUK,Duke Energy CORP,Utilities,2022-02-24,OHIO,https://www.sec.gov/Archives/edgar/data/20290/000132616022000072/duk-20211231.htm
BDX,BECTON DICKINSON & CO,Health Care,2021-11-24,NEW JERSEY,https://www.sec.gov/Archives/edgar/data/10795/000001079521000091/bdx-20210930.htm
CI,Cigna Corp,Health Care,2022-02-24,DELAWARE,https://www.sec.gov/Archives/edgar/data/1739940/000173994022000007/ci-20211231.htm
GM,General Motors Co,Consumer Discretionary,2022-02-02,UNKNOWN,https://www.sec.gov/Archives/edgar/data/1467858/000146785822000034/gm-20211231.htm
CCI,CROWN CASTLE INTERNATIONAL CORP,Real Estate,2022-02-22,DELAWARE,https://www.sec.gov/Archives/edgar/data/1051470/000105147022000019/cci-20211231.htm
SHW,SHERWIN WILLIAMS CO,Materials,2022-02-17,OHIO,https://www.sec.gov/Archives/edgar/data/89800/000008980022000007/shw-20211231.htm
NSC,NORFOLK SOUTHERN CORP,Industrials,2022-02-04,VIRGINIA,https://www.sec.gov/Archives/edgar/data/702165/000070216522000007/nsc-20211231.htm
ICE,"Intercontinental Exchange, Inc.",Financials,2022-02-03,DELAWARE,https://www.sec.gov/Archives/edgar/data/1571949/000157194922000006/ice-20211231.htm
F,FORD MOTOR CO,Consumer Discretionary,2022-02-03,DELAWARE,https://www.sec.gov/Archives/edgar/data/37996/000003799622000013/f-20211231.htm
SO,SOUTHERN CO,Utilities,2022-02-16,ALABAMA,https://www.sec.gov/Archives/edgar/data/3153/000009212222000003/so-20211231.htm
ITW,ILLINOIS TOOL WORKS INC,Industrials,2022-02-11,DELAWARE,https://www.sec.gov/Archives/edgar/data/49826/000004982622000006/itw-20211231.htm
EW,Edwards Lifesciences Corp,Health Care,2022-02-14,DELAWARE,https://www.sec.gov/Archives/edgar/data/1099800/000109980022000005/ew-20211231.htm
CL,COLGATE PALMOLIVE CO,Consumer Staples,2022-02-17,DELAWARE,https://www.sec.gov/Archives/edgar/data/21665/000002166522000003/cl-20211231.htm
REGN,"REGENERON PHARMACEUTICALS, INC.",Health Care,2022-02-07,NEW YORK,https://www.sec.gov/Archives/edgar/data/872589/000180422022000007/regn-20211231.htm
EOG,EOG RESOURCES INC,Energy,2022-02-24,DELAWARE,https://www.sec.gov/Archives/edgar/data/821189/000082118922000017/eog-20211231.htm
COF,CAPITAL ONE FINANCIAL CORP,Financials,2022-02-25,DELAWARE,https://www.sec.gov/ix?doc=/Archives/edgar/data/927628/000092762822000106/cof-20211231.htm
D,"DOMINION ENERGY, INC",Utilities,2022-02-24,VIRGINIA,https://www.sec.gov/Archives/edgar/data/103682/000156459022006589/d-10k_20211231.htm
ATVI,"Activision Blizzard, Inc.",Communication Services,2022-02-25,CALIFORNIA,https://www.sec.gov/ix?doc=/Archives/edgar/data/718877/000162828022003992/atvi-20211231.htm
FCX,FREEPORT-MCMORAN INC,Large cap,2022-02-18,DELAWARE,https://www.sec.gov/Archives/edgar/data/831259/000083125922000012/fcx-20211231.htm
FISV,FISERV INC,Information Technology,2022-02-24,WISCONSIN,https://www.sec.gov/Archives/edgar/data/798354/000079835422000004/fisv-20211231.htm
EQIX,EQUINIX INC,Large cap,2022-02-18,DELAWARE,https://www.sec.gov/Archives/edgar/data/1101239/000162828022003171/eqix-20211231.htm
NOC,NORTHROP GRUMMAN CORP /DE/,Industrials,2022-01-27,UNKNOWN,https://www.sec.gov/Archives/edgar/data/1133421/000113342122000004/noc-20211231.htm
AON,Aon plc,Financials,2022-02-18,IRELAND,https://www.sec.gov/Archives/edgar/data/315293/000162828022003180/aon-20211231.htm
PGR,PROGRESSIVE CORP/OH/,Financials,2022-02-28,OHIO,https://www.sec.gov/Archives/edgar/data/80661/000008066122000046/pgr-20211231.htm
BSX,BOSTON SCIENTIFIC CORP,Health Care,2022-02-23,DELAWARE,https://www.sec.gov/Archives/edgar/data/885725/000088572522000006/bsx-20211231.htm
ETN,Eaton Corp plc,Large cap,2022-02-23,UNKNOWN,https://www.sec.gov/Archives/edgar/data/1551182/000155118222000004/etn-20211231.htm
PSA,Public Storage,Real Estate,2022-02-22,MARYLAND,https://www.sec.gov/Archives/edgar/data/1393311/000139331122000010/psa-20211231.htm
MCO,MOODYS CORP /DE/,Financials,2022-02-18,DELAWARE,https://www.sec.gov/Archives/edgar/data/1059556/000105955622000012/mco-20211231.htm
GD,GENERAL DYNAMICS CORP,Industrials,2022-02-09,DELAWARE,https://www.sec.gov/Archives/edgar/data/40533/000004053322000007/gd-20211231.htm
FDX,FEDEX CORP,Industrials,2021-07-19,DELAWARE,https://www.sec.gov/Archives/edgar/data/1048911/000156459021037031/fdx-10k_20210531.htm
FIS,"Fidelity National Information Services, Inc.",Information Technology,2022-02-23,UNKNOWN,https://www.sec.gov/Archives/edgar/data/1136893/000113689322000038/fis-20211231.htm
MRNA,"Moderna, Inc.",Large cap,2022-02-25,DELAWARE,https://www.sec.gov/Archives/edgar/data/1682852/000168285222000012/mrna-20211231.htm
WM,WASTE MANAGEMENT INC,Industrials,2022-02-15,DELAWARE,https://www.sec.gov/Archives/edgar/data/823768/000155837022001179/wm-20211231x10k.htm
VRTX,VERTEX PHARMACEUTICALS INC / MA,Health Care,2022-02-09,MASSACHUSETTS,https://www.sec.gov/Archives/edgar/data/875320/000087532022000007/vrtx-20211231.htm
MET,METLIFE INC,Financials,2022-02-17,DELAWARE,https://www.sec.gov/Archives/edgar/data/1099219/000109921922000014/met-20211231.htm
MAR,MARRIOTT INTERNATIONAL INC /MD/,Consumer Discretionary,2022-02-15,DELAWARE,https://www.sec.gov/Archives/edgar/data/1048286/000162828022002666/mar-20211231.htm
SLB,SCHLUMBERGER LIMITED/NV,Energy,2022-01-26,NETHERLANDS ANTILLES,https://www.sec.gov/Archives/edgar/data/87347/000156459022002421/slb-10k_20211231.htm
PXD,PIONEER NATURAL RESOURCES CO,Energy,2022-02-22,DELAWARE,https://www.sec.gov/Archives/edgar/data/1038357/000103835722000039/pxd-20211231.htm
EMR,EMERSON ELECTRIC CO,Industrials,2021-11-15,MISSOURI,https://www.sec.gov/Archives/edgar/data/32604/000003260421000038/emr-20210930.htm
KLAC,KLA CORP,Information Technology,2021-08-06,DELAWARE,https://www.sec.gov/Archives/edgar/data/319201/000031920121000029/klac-20210630.htm
HUM,HUMANA INC,Health Care,2022-02-17,DELAWARE,https://www.sec.gov/Archives/edgar/data/49071/000004907122000017/hum-20211231.htm
NEM,NEWMONT Corp /DE/,Materials,2022-02-24,COLORADO,https://www.sec.gov/Archives/edgar/data/1164727/000116472722000007/nem-20211231.htm
APD,AIR PRODUCTS & CHEMICALS INC /DE/,Materials,2021-11-18,DELAWARE,https://www.sec.gov/Archives/edgar/data/2969/000000296921000055/apd-20210930.htm
ECL,ECOLAB INC.,Materials,2022-02-25,DELAWARE,https://www.sec.gov/Archives/edgar/data/31462/000155837022002059/ecl-20211231x10k.htm
AIG,"AMERICAN INTERNATIONAL GROUP, INC.",Financials,2022-02-17,DELAWARE,https://www.sec.gov/Archives/edgar/data/5272/000110465922024701/aig-20211231.htm
FTNT,"Fortinet, Inc.",Information Technology,2022-02-25,UNKNOWN,https://www.sec.gov/Archives/edgar/data/1262039/000126203922000008/ftnt-20211231.htm
NXPI,NXP Semiconductors N.V.,Information Technology,2022-02-24,UNKNOWN,https://www.sec.gov/Archives/edgar/data/1413447/000141344722000008/nxpi-20211231.htm
ILMN,"ILLUMINA, INC.",Health Care,2022-02-18,DELAWARE,https://www.sec.gov/Archives/edgar/data/1110803/000111080322000013/ilmn-20220102.htm
ADSK,"Autodesk, Inc.",Information Technology,2022-03-14,DELAWARE,https://www.sec.gov/Archives/edgar/data/769397/000076939722000019/adsk-20220131.htm
CNC,CENTENE CORP,Health Care,2022-02-22,DELAWARE,https://www.sec.gov/Archives/edgar/data/1071739/000107173922000071/cnc-20211231.htm
MPC,Marathon Petroleum Corp,Energy,2022-02-24,DELAWARE,https://www.sec.gov/Archives/edgar/data/1510295/000151029522000011/mpc-20211231.htm
BK,Bank of New York Mellon Corp,Financials,2022-02-25,DELAWARE,https://www.sec.gov/Archives/edgar/data/1390777/000139077722000043/bk-20211231.htm
SPG,SIMON PROPERTY GROUP INC /DE/,Large cap,2022-02-24,DELAWARE,https://www.sec.gov/Archives/edgar/data/1022344/000155837022001845/spg-20211231x10k.htm
TEL,TE Connectivity Ltd.,Information Technology,2021-11-09,SWITZERLAND,https://www.sec.gov/Archives/edgar/data/1385157/000155837021015228/tel-20210924x10k.htm
JCI,Johnson Controls International plc,Industrials,2021-11-15,IRELAND,https://www.sec.gov/Archives/edgar/data/833444/000083344421000046/jci-20210930.htm
KHC,Kraft Heinz Co,Consumer Staples,2022-02-17,DELAWARE,https://www.sec.gov/Archives/edgar/data/1637459/000163745922000018/khc-20211225.htm
ROP,ROPER TECHNOLOGIES INC,Industrials,2022-02-22,DELAWARE,https://www.sec.gov/Archives/edgar/data/882835/000088283522000012/rop-20211231.htm
DG,DOLLAR GENERAL CORP,Consumer Discretionary,2022-03-18,TENNESSEE,https://www.sec.gov/Archives/edgar/data/29534/000155837022003921/dg-20220128x10k.htm
INFO,IHS Markit Ltd.,Industrials,2022-01-24,BERMUDA,https://www.sec.gov/Archives/edgar/data/1598014/000159801422000011/info-20211130.htm
ORLY,O REILLY AUTOMOTIVE INC,Consumer Discretionary,2022-02-28,UNKNOWN,https://www.sec.gov/Archives/edgar/data/898173/000089817322000012/orly-20211231x10k.htm
APH,AMPHENOL CORP /DE/,Information Technology,2022-02-09,DELAWARE,https://www.sec.gov/Archives/edgar/data/820313/000155837022000961/aph-20211231x10k.htm
CTSH,COGNIZANT TECHNOLOGY SOLUTIONS CORP,Information Technology,2022-02-16,UNKNOWN,https://www.sec.gov/Archives/edgar/data/1058290/000105829022000023/ctsh-20211231.htm
DOW,DOW INC.,Materials,2022-02-04,DELAWARE,https://www.sec.gov/Archives/edgar/data/29915/000175178822000011/dow-20211231.htm
SNPS,SYNOPSYS INC,Information Technology,2021-12-13,DELAWARE,https://www.sec.gov/Archives/edgar/data/883241/000088324121000022/snps-20211031.htm
KMB,KIMBERLY CLARK CORP,Consumer Staples,2022-02-10,DELAWARE,https://www.sec.gov/Archives/edgar/data/55785/000005578522000010/kmb-20211231.htm
MNST,Monster Beverage Corp,Consumer Staples,2022-02-28,UNKNOWN,https://www.sec.gov/Archives/edgar/data/865752/000110465922028182/mnst-20211231x10k.htm
LHX,"L3HARRIS TECHNOLOGIES, INC. /DE/",Large cap,2022-02-25,DELAWARE,https://www.sec.gov/Archives/edgar/data/202058/000020205822000015/hrs-20211231.htm
SRE,SEMPRA ENERGY,Utilities,2022-02-25,CALIFORNIA,https://www.sec.gov/Archives/edgar/data/86521/000103220822000007/sre-20211231.htm
SYY,SYSCO CORP,Consumer Staples,2021-08-27,DELAWARE,https://www.sec.gov/Archives/edgar/data/96021/000009602121000093/syy-20210703.htm
MSCI,MSCI Inc.,Financials,2022-02-11,DELAWARE,https://www.sec.gov/Archives/edgar/data/1408198/000156459022004803/msci-10k_20211231.htm
PRU,PRUDENTIAL FINANCIAL INC,Financials,2022-02-17,NEW JERSEY,https://www.sec.gov/Archives/edgar/data/1137774/000113777422000038/pru-20211231.htm
IQV,IQVIA HOLDINGS INC.,Large cap,2022-02-16,DELAWARE,https://www.sec.gov/Archives/edgar/data/1478242/000147824222000041/iqv-20211231.htm
AEP,AMERICAN ELECTRIC POWER CO INC,Utilities,2022-02-24,NEW YORK,https://www.sec.gov/Archives/edgar/data/4904/000000490422000024/aep-20211231.htm
ADM,Archer-Daniels-Midland Co,Consumer Staples,2022-02-17,DELAWARE,https://www.sec.gov/Archives/edgar/data/7084/000000708422000008/adm-20211231.htm
HLT,Hilton Worldwide Holdings Inc.,Consumer Discretionary,2022-02-16,DELAWARE,https://www.sec.gov/Archives/edgar/data/1585689/000158568922000013/hlt-20211231.htm
CMG,CHIPOTLE MEXICAN GRILL INC,Consumer Discretionary,2022-02-11,UNKNOWN,https://www.sec.gov/Archives/edgar/data/1058090/000105809022000011/cmg-20211231x10k.htm
HSY,HERSHEY CO,Consumer Staples,2022-02-18,DELAWARE,https://www.sec.gov/Archives/edgar/data/47111/000004711122000017/hsy-20211231.htm
PAYX,PAYCHEX INC,Information Technology,2021-07-16,DELAWARE,https://www.sec.gov/Archives/edgar/data/723531/000072353121000035/payx-20210531x10k.htm
TRV,"TRAVELERS COMPANIES, INC.",Financials,2022-02-17,MINNESOTA,https://www.sec.gov/Archives/edgar/data/86312/000008631222000013/trv-20211231.htm
AFL,AFLAC INC,Financials,2022-02-23,GEORGIA,https://www.sec.gov/Archives/edgar/data/4977/000000497722000058/afl-20211231.htm
IDXX,IDEXX LABORATORIES INC /DE,Health Care,2022-02-16,DELAWARE,https://www.sec.gov/Archives/edgar/data/874716/000087471622000007/idxx-20211231.htm
BAX,BAXTER INTERNATIONAL INC,Health Care,2022-02-23,DELAWARE,https://www.sec.gov/Archives/edgar/data/10456/000162828022003432/bax-20211231.htm
STZ,"CONSTELLATION BRANDS, INC.",Consumer Staples,2021-04-20,DELAWARE,https://www.sec.gov/Archives/edgar/data/16918/000001691821000060/stz-20210228.htm
MCK,MCKESSON CORP,Health Care,2021-05-12,DELAWARE,https://www.sec.gov/Archives/edgar/data/927653/000092765321000039/mck-20210331.htm
DD,"DuPont de Nemours, Inc.",Large cap,2022-02-11,DELAWARE,https://www.sec.gov/Archives/edgar/data/1666700/000166670022000009/dd-20211231.htm
GIS,GENERAL MILLS INC,Consumer Staples,2021-06-30,DELAWARE,https://www.sec.gov/Archives/edgar/data/40704/000119312521204830/d184854d10k.htm
EXC,EXELON CORP,Utilities,2022-02-25,NEW JERSEY,https://www.sec.gov/Archives/edgar/data/8192/000110935722000039/exc-20211231.htm
WBA,"Walgreens Boots Alliance, Inc.",Consumer Staples,2021-11-24,DELAWARE,https://www.sec.gov/Archives/edgar/data/1618921/000161892121000129/wba-20210831.htm
GPN,GLOBAL PAYMENTS INC,Information Technology,2022-02-18,GEORGIA,https://www.sec.gov/Archives/edgar/data/1123360/000112336022000007/gpn-20211231.htm
ANET,"Arista Networks, Inc.",Information Technology,2022-02-14,DELAWARE,https://www.sec.gov/Archives/edgar/data/1596532/000159653222000026/anet-20211231.htm
MCHP,MICROCHIP TECHNOLOGY INC,Information Technology,2021-05-17,DELAWARE,https://www.sec.gov/Archives/edgar/data/827054/000082705421000106/mchp-20210331.htm
ALGN,ALIGN TECHNOLOGY INC,Health Care,2022-02-25,DELAWARE,https://www.sec.gov/Archives/edgar/data/1097149/000109714922000011/algn-20211231.htm
HPQ,HP INC,Information Technology,2021-12-09,DELAWARE,https://www.sec.gov/Archives/edgar/data/47217/000004721721000060/hpq-20211031.htm
A,"AGILENT TECHNOLOGIES, INC.",Health Care,2021-12-17,DELAWARE,https://www.sec.gov/Archives/edgar/data/1090872/000109087221000027/a-20211031.htm
DLR,"DIGITAL REALTY TRUST, INC.",Large cap,2022-02-25,UNKNOWN,https://www.sec.gov/Archives/edgar/data/1297996/000155837022002195/dlr-20211231x10k.htm
AZO,AUTOZONE INC,Consumer Discretionary,2021-10-25,NEVADA,https://www.sec.gov/Archives/edgar/data/866787/000155837021013446/azo-20210828x10k.htm
PH,PARKER HANNIFIN CORP,Industrials,2021-08-25,OHIO,https://www.sec.gov/Archives/edgar/data/76334/000007633421000187/ph-20210630.htm
APTV,Aptiv PLC,Consumer Discretionary,2022-02-07,JERSEY,https://www.sec.gov/Archives/edgar/data/1521332/000152133222000010/aptv-20211231.htm
CARR,CARRIER GLOBAL Corp,Industrials,2022-02-08,DELAWARE,https://www.sec.gov/Archives/edgar/data/1783180/000178318022000010/carr-20211231.htm
CTAS,CINTAS CORP,Industrials,2021-07-28,WASHINGTON,https://www.sec.gov/Archives/edgar/data/723254/000072325421000021/ctas-20210531.htm
CDNS,CADENCE DESIGN SYSTEMS INC,Information technology,2022-02-22,DELAWARE,https://www.sec.gov/Archives/edgar/data/813672/000081367222000012/cdns-20220101.htm
PSX,Phillips 66,Energy,2022-02-18,DELAWARE,https://www.sec.gov/Archives/edgar/data/1534701/000153470122000078/psx-20211231.htm
KMI,"KINDER MORGAN, INC.",Energy,2022-02-07,DELAWARE,https://www.sec.gov/Archives/edgar/data/1506307/000150630722000018/kmi-20211231.htm
DXCM,DEXCOM INC,Health Care,2022-02-14,DELAWARE,https://www.sec.gov/Archives/edgar/data/1093557/000109355722000014/dxcm-20211231.htm
CTVA,"Corteva, Inc.",Large cap,2022-02-10,DELAWARE,https://www.sec.gov/Archives/edgar/data/30554/000175567222000005/ctva-20211231.htm
OXY,OCCIDENTAL PETROLEUM CORP /DE/,Energy,2021-02-26,DELAWARE,https://www.sec.gov/Archives/edgar/data/797468/000079746821000009/oxy-20201231.htm
RSG,"REPUBLIC SERVICES, INC.",Industrials,2022-02-10,DELAWARE,https://www.sec.gov/Archives/edgar/data/1060391/000106039122000007/rsg-20211231.htm
WELL,WELLTOWER INC.,Real Estate,2022-02-16,DELAWARE,https://www.sec.gov/Archives/edgar/data/766704/000076670422000013/well-20211231.htm
DVN,DEVON ENERGY CORP/DE,Energy,2022-02-16,DELAWARE,https://www.sec.gov/Archives/edgar/data/1090012/000156459022005321/dvn-10k_20211231.htm
EA,ELECTRONIC ARTS INC.,Communication Services,2021-05-26,DELAWARE,https://www.sec.gov/Archives/edgar/data/712515/000071251521000064/ea-20210331.htm
TDG,TransDigm Group INC,Industrials,2022-01-28,DELAWARE,https://www.sec.gov/Archives/edgar/data/1260221/000126022122000004/tdg-20210930.htm
SIVB,SVB FINANCIAL GROUP,Financials,2022-03-01,UNKNOWN,https://www.sec.gov/Archives/edgar/data/719739/000071973922000023/sivb-20211231.htm
MSI,"Motorola Solutions, Inc.",Information Technology,2022-02-16,DELAWARE,https://www.sec.gov/Archives/edgar/data/68505/000006850522000010/msi-20211231.htm
EBAY,EBAY INC,Consumer Discretionary,2022-02-24,DELAWARE,https://www.sec.gov/Archives/edgar/data/1065088/000106508822000006/ebay-20211231.htm
YUM,YUM BRANDS INC,Consumer Discretionary,2022-02-22,NORTH CAROLINA,https://www.sec.gov/Archives/edgar/data/1041061/000104106122000009/yum-20211231.htm
WMB,"WILLIAMS COMPANIES, INC.",Energy,2022-02-28,DELAWARE,https://www.sec.gov/ix?doc=/Archives/edgar/data/107263/000010726322000007/wmb-20211231.htm
DFS,Discover Financial Services,Financials,2022-02-24,DELAWARE,https://www.sec.gov/ix?doc=/Archives/edgar/data/1393612/000139361222000007/dfs-20211231.htm
LVS,LAS VEGAS SANDS CORP,Consumer Discretionary,2022-02-04,NEVADA,https://www.sec.gov/Archives/edgar/data/1300514/000130051422000007/lvs-20211231.htm
XEL,XCEL ENERGY INC,Utilities,2022-02-23,MINNESOTA,https://www.sec.gov/Archives/edgar/data/72903/000007290322000010/xel-20211231.htm
VLO,VALERO ENERGY CORP/TX,Energy,2022-02-22,DELAWARE,https://www.sec.gov/Archives/edgar/data/1035002/000103500222000007/vlo-20211231.htm
PPG,PPG INDUSTRIES INC,Materials,2022-02-17,PENNSYLVANIA,https://www.sec.gov/Archives/edgar/data/79879/000007987922000009/ppg-20211231.htm
TT,Trane Technologies plc,Industrials,2022-02-07,IRELAND,https://www.sec.gov/Archives/edgar/data/1466258/000146625822000031/tt-20211231.htm
ALL,ALLSTATE CORP,Financials,2022-02-18,DELAWARE,https://www.sec.gov/Archives/edgar/data/899051/000089905122000015/all-20211231.htm
GLW,CORNING INC /NY,Information Technology,2022-02-14,NEW YORK,https://www.sec.gov/Archives/edgar/data/24741/000143774922003247/glw20211231_10k.htm
NUE,NUCOR CORP,Materials,2022-02-28,DELAWARE,https://www.sec.gov/Archives/edgar/data/73309/000156459022007679/nue-10k_20211231.htm
IFF,INTERNATIONAL FLAVORS & FRAGRANCES INC,Materials,2022-02-28,NEW YORK,https://www.sec.gov/Archives/edgar/data/51253/000005125322000007/iff-20211231.htm
RMD,RESMED INC,Health Care,2021-08-19,DELAWARE,https://www.sec.gov/Archives/edgar/data/943819/000094381921000020/rmd-20210630x10ka.htm
STT,STATE STREET CORP,Financials,2022-02-17,MASSACHUSETTS,https://www.sec.gov/Archives/edgar/data/93751/000009375122000424/stt-20211231.htm
TSN,"TYSON FOODS, INC.",Consumer Staples,2021-11-15,DELAWARE,https://www.sec.gov/Archives/edgar/data/100493/000010049321000122/tsn-20211002.htm
LYB,LyondellBasell Industries N.V.,Materials,2022-02-24,NETHERLANDS,https://www.sec.gov/Archives/edgar/data/1489393/000148939322000009/lyb-20211231.htm
AMP,AMERIPRISE FINANCIAL INC,Financials,2022-02-25,DELAWARE,https://www.sec.gov/Archives/edgar/data/820027/000082002722000016/amp-20211231.htm
CBRE,"CBRE GROUP, INC.",Real Estate,2022-02-28,DELAWARE,https://www.sec.gov/Archives/edgar/data/1138118/000113811822000010/cbre-20211231.htm
ODFL,"OLD DOMINION FREIGHT LINE, INC.",Industrials,2022-02-23,VIRGINIA,https://www.sec.gov/Archives/edgar/data/878927/000156459022006303/odfl-10k_20211231.htm
KR,KROGER CO,Consumer Staples,2021-03-30,OHIO,https://www.sec.gov/Archives/edgar/data/56873/000155837021003706/kr-20210130x10k.htm
AVB,AVALONBAY COMMUNITIES INC,Large cap,2022-02-25,MARYLAND,https://www.sec.gov/Archives/edgar/data/915912/000091591222000005/avb-20211231.htm
FITB,FIFTH THIRD BANCORP,Financials,2022-02-25,OHIO,https://www.sec.gov/ix?doc=/Archives/edgar/data/35527/000003552722000119/fitb-20211231.htm
PEG,PUBLIC SERVICE ENTERPRISE GROUP INC,Utilities,2022-02-24,NEW JERSEY,https://www.sec.gov/Archives/edgar/data/81033/000162828022003860/pseg-20211231.htm
PCAR,PACCAR INC,Industrials,2022-02-23,DELAWARE,https://www.sec.gov/Archives/edgar/data/75362/000156459022006237/pcar-10k_20211231.htm
SBAC,SBA COMMUNICATIONS CORP,Real Estate,2022-03-01,FLORIDA,https://www.sec.gov/ix?doc=/Archives/edgar/data/1034054/000103405422000002/sbac-20211231x10k.htm
ROST,"ROSS STORES, INC.",Consumer Discretionary,2021-03-29,DELAWARE,https://www.sec.gov/Archives/edgar/data/745732/000074573221000017/rost-20210130.htm
OTIS,Otis Worldwide Corp,Industrials,2022-02-04,DELAWARE,https://www.sec.gov/Archives/edgar/data/1781335/000178133522000007/otis-20211231.htm
MTD,METTLER TOLEDO INTERNATIONAL INC/,Health Care,2022-02-11,DELAWARE,https://www.sec.gov/Archives/edgar/data/1037646/000103764622000008/mtd-20211231.htm
TROW,PRICE T ROWE GROUP INC,Financials,2022-02-24,MARYLAND,https://www.sec.gov/Archives/edgar/data/1113169/000111316922000005/trow-20211231.htm
EQR,EQUITY RESIDENTIAL,Real Estate,2022-02-17,MARYLAND,https://www.sec.gov/Archives/edgar/data/906107/000156459022005566/eqr-10k_20211231.htm
AJG,Arthur J. Gallagher & Co.,Financials,2022-02-18,ILLINOIS,https://www.sec.gov/Archives/edgar/data/354190/000156459022005714/ajg-10k_20211231.htm
MTCH,"Match Group, Inc.",Communication Services,2022-02-24,DELAWARE,https://www.sec.gov/Archives/edgar/data/891103/000089110322000020/mtch-20211231.htm
EXPE,"Expedia Group, Inc.",Consumer Discretionary,2022-02-10,DELAWARE,https://www.sec.gov/Archives/edgar/data/1324424/000132442422000009/expe-20211231.htm
CMI,CUMMINS INC,Industrials,2022-02-08,INDIANA,https://www.sec.gov/Archives/edgar/data/26172/000002617222000008/cmi-20211231.htm
ROK,"ROCKWELL AUTOMATION, INC",Industrials,2021-11-09,DELAWARE,https://www.sec.gov/Archives/edgar/data/1024478/000102447821000083/rok-20210930.htm
BIIB,BIOGEN INC.,Health Care,2022-02-03,DELAWARE,https://www.sec.gov/Archives/edgar/data/875045/000087504522000007/biib-20211231.htm
VRSK,"Verisk Analytics, Inc.",Industrials,2022-02-22,DELAWARE,https://www.sec.gov/Archives/edgar/data/1442145/000143774922004083/vrsk20211231_10k.htm
DLTR,"DOLLAR TREE, INC.",Consumer Discretionary,2022-03-15,VIRGINIA,https://www.sec.gov/Archives/edgar/data/935703/000093570322000020/dltr-20220129.htm
BKR,Baker Hughes Co,Energy,2022-02-11,DELAWARE,https://www.sec.gov/Archives/edgar/data/1701605/000170160522000050/bkr-20211231.htm
KEYS,"Keysight Technologies, Inc.",Information Technology,2021-12-17,DELAWARE,https://www.sec.gov/Archives/edgar/data/1601046/000160104621000197/keys-20211031.htm
ARE,"ALEXANDRIA REAL ESTATE EQUITIES, INC.",Large cap,2022-01-31,MARYLAND,https://www.sec.gov/Archives/edgar/data/1035443/000103544322000040/are-20211231.htm
ABC,AMERISOURCEBERGEN CORP,Health Care,2021-11-23,DELAWARE,https://www.sec.gov/Archives/edgar/data/1140859/000114085921000058/abc-20210930.htm
AME,AMETEK INC/,Industrials,2022-02-22,DELAWARE,https://www.sec.gov/Archives/edgar/data/1037868/000103786822000009/ame-20211231.htm
HAL,HALLIBURTON CO,Energy,2022-02-04,DELAWARE,https://www.sec.gov/Archives/edgar/data/45012/000004501222000013/hal-20211231.htm
CPRT,COPART INC,Industrials,2021-09-27,DELAWARE,https://www.sec.gov/Archives/edgar/data/900075/000090007521000022/cprt-20210731.htm
FAST,FASTENAL CO,Industrials,2022-02-10,MINNESOTA,https://www.sec.gov/Archives/edgar/data/815556/000081555622000011/fast-20211231.htm
WY,WEYERHAEUSER CO,Real Estate,2022-02-18,WASHINGTON,https://www.sec.gov/Archives/edgar/data/106535/000156459022005707/wy-10k_20211231.htm
DHI,HORTON D R INC /DE/,Consumer Discretionary,2021-11-18,DELAWARE,https://www.sec.gov/Archives/edgar/data/882184/000088218421000190/dhi-20210930.htm
BLL,BALL Corp,Materials,2022-02-16,INDIANA,https://www.sec.gov/Archives/edgar/data/9389/000155837022001251/bll-20211231x10k.htm
HES,HESS CORP,Energy,2022-03-01,DELAWARE,https://www.sec.gov/ix?doc=/Archives/edgar/data/4447/000162828022004524/hes-20211231.htm
ED,CONSOLIDATED EDISON INC,Utilities,2022-02-17,NEW YORK,https://www.sec.gov/Archives/edgar/data/23632/000104786222000039/ed-20211231.htm
NDAQ,"NASDAQ, INC.",Financials,2022-02-23,DELAWARE,https://www.sec.gov/Archives/edgar/data/1120193/000112019322000007/ndaq-20211231.htm
WST,WEST PHARMACEUTICAL SERVICES INC,Health Care,2022-02-22,PENNSYLVANIA,https://www.sec.gov/Archives/edgar/data/105770/000162828022003342/wst-20211231.htm
TWTR,"TWITTER, INC.",Communication Services,2022-02-16,DELAWARE,https://www.sec.gov/Archives/edgar/data/1418091/000141809122000029/twtr-20211231.htm
ES,EVERSOURCE ENERGY,Utilities,2022-02-16,MASSACHUSETTS,https://www.sec.gov/Archives/edgar/data/13372/000007274122000015/es-20211231.htm
WEC,"WEC ENERGY GROUP, INC.",Utilities,2022-02-24,WISCONSIN,https://www.sec.gov/Archives/edgar/data/783325/000010781522000116/wec-20211231.htm
OKE,ONEOK INC /NEW/,Energy,2022-03-01,OKLAHOMA,https://www.sec.gov/ix?doc=/Archives/edgar/data/1039684/000103968422000015/oke-20211231.htm
WTW,WILLIS TOWERS WATSON PLC,Financials,2022-02-24,IRELAND,https://www.sec.gov/Archives/edgar/data/1140536/000095017022001932/wtw-20211231.htm
DAL,"DELTA AIR LINES, INC.",Industrials,2022-02-11,DELAWARE,https://www.sec.gov/Archives/edgar/data/27904/000002790422000003/dal-20211231.htm
LUV,SOUTHWEST AIRLINES CO,Industrials,2022-02-04,TEXAS,https://www.sec.gov/Archives/edgar/data/92380/000009238022000007/luv-20211231.htm
O,REALTY INCOME CORP,Real Estate,2022-02-23,MARYLAND,https://www.sec.gov/Archives/edgar/data/726728/000072672822000046/o-20211231.htm
ANSS,ANSYS INC,Information Technology,2022-02-23,DELAWARE,https://www.sec.gov/Archives/edgar/data/1013462/000101346222000005/anss-20211231.htm
AWK,"American Water Works Company, Inc.",Utilities,2022-02-16,DELAWARE,https://www.sec.gov/Archives/edgar/data/1410636/000141063622000048/awk-20211231.htm
CERN,CERNER Corp,Health Care,2022-02-22,DELAWARE,https://www.sec.gov/Archives/edgar/data/804753/000080475322000009/cern-20211231.htm
SWK,"STANLEY BLACK & DECKER, INC.",Industrials,2022-02-22,CONNECTICUT,https://www.sec.gov/Archives/edgar/data/93556/000009355622000015/swk-20220101.htm
LEN,LENNAR CORP /NEW/,Consumer Discretionary,2022-01-28,DELAWARE,https://www.sec.gov/Archives/edgar/data/920760/000162828022001450/len-20211130.htm
LYV,"Live Nation Entertainment, Inc.",Communication Services,2022-02-23,DELAWARE,https://www.sec.gov/Archives/edgar/data/1335258/000133525822000019/lyv-20211231.htm
MKC,MCCORMICK & CO INC,Consumer Staples,2022-01-27,MARYLAND,https://www.sec.gov/Archives/edgar/data/63754/000006375422000005/mkc-20211130.htm
EFX,EQUIFAX INC,Industrials,2022-02-24,GEORGIA,https://www.sec.gov/Archives/edgar/data/33185/000003318522000014/efx-20211231.htm
HRL,HORMEL FOODS CORP /DE/,Consumer Staples,2021-12-10,DELAWARE,https://www.sec.gov/Archives/edgar/data/48465/000004846521000067/hrl-20211031.htm
EXR,Extra Space Storage Inc.,Real Estate,2022-02-28,MARYLAND,https://www.sec.gov/Archives/edgar/data/1289490/000162828022004274/exr-20211231.htm
LH,LABORATORY CORP OF AMERICA HOLDINGS,Health Care,2022-02-25,DELAWARE,https://www.sec.gov/Archives/edgar/data/920148/000092014822000015/lh-20211231.htm
ZBH,"ZIMMER BIOMET HOLDINGS, INC.",Health Care,2022-02-25,DELAWARE,https://www.sec.gov/Archives/edgar/data/1136869/000156459022007160/zbh-10k_20211231.htm
EPAM,"EPAM Systems, Inc.",Information Technology,2022-02-25,DELAWARE,https://www.sec.gov/Archives/edgar/data/1352010/000135201022000020/epam-20211231.htm
VMC,Vulcan Materials CO,Materials,2022-02-25,NEW JERSEY,https://www.sec.gov/Archives/edgar/data/1396009/000139600922000010/vmc-20211231x10k.htm
CCL,CARNIVAL CORP,Consumer Discretionary,2022-01-27,DELAWARE,https://www.sec.gov/Archives/edgar/data/815097/000081509722000009/ccl-20211130.htm
CDW,CDW Corp,Information Technology,2022-02-28,DELAWARE,https://www.sec.gov/Archives/edgar/data/1402057/000140205722000020/cdw-20211231.htm
NTRS,NORTHERN TRUST CORP,Financials,2022-02-28,DELAWARE,https://www.sec.gov/ix?doc=/Archives/edgar/data/73124/000007312422000071/ntrs-20211231.htm
STX,Seagate Technology Holdings plc,Information Technology,2021-08-06,UNKNOWN,https://www.sec.gov/Archives/edgar/data/1137789/000113778921000049/stx-20210702.htm
TSCO,TRACTOR SUPPLY CO /DE/,Consumer Discretionary,2022-02-17,DELAWARE,https://www.sec.gov/Archives/edgar/data/916365/000091636522000049/tsco-20211225.htm
GWW,"W.W. GRAINGER, INC.",Industrials,2022-02-23,ILLINOIS,https://www.sec.gov/Archives/edgar/data/277135/000027713522000012/gww-20211231.htm
HIG,"HARTFORD FINANCIAL SERVICES GROUP, INC.",Financials,2022-02-18,DELAWARE,https://www.sec.gov/Archives/edgar/data/874766/000087476622000019/hig-20211231.htm
MLM,MARTIN MARIETTA MATERIALS INC,Materials,2022-02-22,NORTH CAROLINA,https://www.sec.gov/Archives/edgar/data/916076/000156459022005965/mlm-10k_20211231.htm
KEY,KEYCORP /NEW/,Financials,2022-02-22,OHIO,https://www.sec.gov/Archives/edgar/data/91576/000009157622000029/key-20211231.htm
BBY,BEST BUY CO INC,Consumer Discretionary,2022-03-18,MINNESOTA,https://www.sec.gov/Archives/edgar/data/764478/000076447822000008/bby-20220129x10k.htm
CHD,CHURCH & DWIGHT CO INC /DE/,Consumer Staples,2022-02-17,DELAWARE,https://www.sec.gov/Archives/edgar/data/313927/000156459022005528/chd-10k_20211231.htm
MAA,MID AMERICA APARTMENT COMMUNITIES INC.,Large cap,2022-02-17,TENNESSEE,https://www.sec.gov/Archives/edgar/data/912595/000095017022001423/maa-20211231.htm
MTB,M&T BANK CORP,Financials,2022-02-16,NEW YORK,https://www.sec.gov/Archives/edgar/data/36270/000156459022005400/mtb-10k_20211231.htm
IT,GARTNER INC,Information Technology,2022-02-23,DELAWARE,https://www.sec.gov/Archives/edgar/data/749251/000074925122000006/it-20211231.htm
FANG,"Diamondback Energy, Inc.",Energy,2022-02-24,DELAWARE,https://www.sec.gov/Archives/edgar/data/1539838/000153983822000008/fang-20211231.htm
FE,FIRSTENERGY CORP,Utilities,2022-02-16,OHIO,https://www.sec.gov/Archives/edgar/data/1031296/000103129622000013/fe-20211231.htm
VRSN,VERISIGN INC/CA,Information Technology,2022-02-18,DELAWARE,https://www.sec.gov/Archives/edgar/data/1014473/000101447322000007/vrsn-20211231.htm
FOX,Fox Corp,Communication Services,2021-08-10,DELAWARE,https://www.sec.gov/Archives/edgar/data/1754301/000156459021043103/fox-10k_20210630.htm
ALB,ALBEMARLE CORP,Materials,2022-03-02,VIRGINIA,https://www.sec.gov/Archives/edgar/data/915913/000091591322000079/alb-20211231.htm
VFC,V F CORP,Consumer Discretionary,2021-05-27,PENNSYLVANIA,https://www.sec.gov/Archives/edgar/data/103379/000010337921000006/vfc-20210403.htm
DTE,DTE ENERGY CO,Utilities,2022-02-10,MICHIGAN,https://www.sec.gov/Archives/edgar/data/28385/000093634022000077/dte-20211231.htm
DOV,DOVER Corp,Industrials,2022-02-11,DELAWARE,https://www.sec.gov/Archives/edgar/data/29905/000002990522000009/dov-20211231.htm
HBAN,HUNTINGTON BANCSHARES INC /MD/,Financials,2022-02-18,MARYLAND,https://www.sec.gov/Archives/edgar/data/49196/000004919622000023/hban-20211231.htm
EIX,EDISON INTERNATIONAL,Utilities,2022-02-24,CALIFORNIA,https://www.sec.gov/ix?doc=/Archives/edgar/data/92103/000082705222000006/eix-20211231x10k.htm
RF,REGIONS FINANCIAL CORP,Financials,2022-02-24,DELAWARE,https://www.sec.gov/Archives/edgar/data/1281761/000128176122000016/rf-20211231.htm
SYF,Synchrony Financial,Financials,2022-02-10,NEW YORK,https://www.sec.gov/Archives/edgar/data/1601712/000160171222000053/syf-20211231.htm
URI,"UNITED RENTALS, INC.",Industrials,2022-01-26,DELAWARE,https://www.sec.gov/Archives/edgar/data/1047166/000106770122000008/uri-20211231.htm
FTV,Fortive Corp,Industrials,2022-02-28,DELAWARE,https://www.sec.gov/Archives/edgar/data/1659166/000165916622000054/ftv-20211231.htm
STE,STERIS plc,Health Care,2021-05-28,IRELAND,https://www.sec.gov/Archives/edgar/data/1757898/000175789821000017/ste-20210331.htm
CFG,CITIZENS FINANCIAL GROUP INC/RI,Financials,2022-02-23,DELAWARE,https://www.sec.gov/Archives/edgar/data/759944/000075994422000025/cfg-20211231.htm
RJF,RAYMOND JAMES FINANCIAL INC,Financials,2021-11-23,FLORIDA,https://www.sec.gov/Archives/edgar/data/720005/000072000521000106/rjf-20210930.htm
ZBRA,ZEBRA TECHNOLOGIES CORP,Information Technology,2022-02-10,UNKNOWN,https://www.sec.gov/Archives/edgar/data/877212/000087721222000026/zbra-20211231.htm
PKI,PERKINELMER INC,Health Care,2022-03-03,MASSACHUSETTS,https://www.sec.gov/Archives/edgar/data/31791/000003179122000003/pki-20220102.htm
HPE,Hewlett Packard Enterprise Co,Information Technology,2021-12-10,DELAWARE,https://www.sec.gov/Archives/edgar/data/1645590/000164559021000068/hpe-20211031.htm
SWKS,"SKYWORKS SOLUTIONS, INC.",Information Technology,2022-01-28,DELAWARE,https://www.sec.gov/Archives/edgar/data/4127/000000412722000002/swks-20211001.htm
K,KELLOGG CO,Consumer Staples,2022-02-22,DELAWARE,https://www.sec.gov/Archives/edgar/data/55067/000162828022003345/k-20220101.htm
GRMN,GARMIN LTD,Consumer Discretionary,2022-02-16,SWITZERLAND,https://www.sec.gov/Archives/edgar/data/1121788/000095017022001303/grmn-20211225.htm
AEE,AMEREN CORP,Utilities,2022-02-22,ILLINOIS,https://www.sec.gov/Archives/edgar/data/18654/000100291022000038/aee-20211231.htm
IR,Ingersoll Rand Inc.,Industrials,2022-02-25,DELAWARE,https://www.sec.gov/ix?doc=/Archives/edgar/data/1699150/000162828022003991/gdi-20211231.htm
RCL,ROYAL CARIBBEAN CRUISES LTD,Consumer Discretionary,2022-03-01,UNKNOWN,https://www.sec.gov/Archives/edgar/data/884887/000088488722000008/rcl-20211231.htm
PPL,PPL Corp,Utilities,2022-02-18,KENTUCKY,https://www.sec.gov/Archives/edgar/data/55387/000092222422000005/ppl-20211231.htm
MPWR,MONOLITHIC POWER SYSTEMS INC,Information Technology,2022-02-25,DELAWARE,https://www.sec.gov/Archives/edgar/data/1280452/000143774922004460/mpwr20211231_10k.htm
ETR,ENTERGY CORP /DE/,Utilities,2022-02-25,TEXAS,https://www.sec.gov/Archives/edgar/data/7323/000006598422000017/etr-20211231.htm
COO,"COOPER COMPANIES, INC.",Large cap,2021-12-10,DELAWARE,https://www.sec.gov/Archives/edgar/data/711404/000071140421000038/coo-20211031.htm
VTR,"Ventas, Inc.",Large cap,2022-02-18,DELAWARE,https://www.sec.gov/Archives/edgar/data/740260/000074026022000057/vtr-20211231.htm
MGM,MGM Resorts International,Consumer Discretionary,2022-02-25,DELAWARE,https://www.sec.gov/Archives/edgar/data/789570/000078957022000005/mgm-20211231.htm
ESS,"ESSEX PROPERTY TRUST, INC.",Large cap,2022-02-25,MARYLAND,https://www.sec.gov/Archives/edgar/data/920522/000092052222000019/ess-20211231.htm
CINF,CINCINNATI FINANCIAL CORP,Financials,2022-02-24,OHIO,https://www.sec.gov/Archives/edgar/data/20286/000002028622000012/cinf-20211231.htm
NTAP,"NetApp, Inc.",Information Technology,2021-06-21,CALIFORNIA,https://www.sec.gov/Archives/edgar/data/1002047/000156459021033645/ntap-10k_20210430.htm
DRE,DUKE REALTY CORP,Real Estate,2022-02-17,INDIANA,https://www.sec.gov/Archives/edgar/data/783280/000078328022000010/dre-20211231.htm
ULTA,"Ulta Beauty, Inc.",Consumer Discretionary,2022-03-25,UNKNOWN,https://www.sec.gov/Archives/edgar/data/1403568/000155837022004330/ulta-20220129x10k.htm
ENPH,"Enphase Energy, Inc.",Information Technology,2022-02-11,DELAWARE,https://www.sec.gov/Archives/edgar/data/1463101/000146310122000016/enph-20211231.htm
JBHT,HUNT J B TRANSPORT SERVICES INC,Industrials,2022-02-25,ARKANSAS,https://www.sec.gov/Archives/edgar/data/728535/000143774922004457/jbht20211231_10k.htm
PAYC,"Paycom Software, Inc.",Information Technology,2022-02-17,DELAWARE,https://www.sec.gov/Archives/edgar/data/1590955/000156459022005562/payc-10k_20211231.htm
TDY,TELEDYNE TECHNOLOGIES INC,Information Technology,2022-02-25,DELAWARE,https://www.sec.gov/Archives/edgar/data/1094285/000109428522000049/tdy-20220102.htm
WAT,WATERS CORP /DE/,Health Care,2022-02-24,DELAWARE,https://www.sec.gov/Archives/edgar/data/1000697/000119312522051509/d208871d10k.htm
PARA,ViacomCBS Inc.,Communication Services,2022-02-15,DELAWARE,https://www.sec.gov/Archives/edgar/data/813828/000081382822000005/viac-20211231.htm
FLT,FLEETCOR TECHNOLOGIES INC,Information Technology,2022-03-01,DELAWARE,https://www.sec.gov/Archives/edgar/data/1175454/000162828022004531/flt-20211231.htm
GNRC,GENERAC HOLDINGS INC.,Industrials,2022-02-22,DELAWARE,https://www.sec.gov/Archives/edgar/data/1474735/000143774922004080/gnrc20211231_10k.htm
BXP,BOSTON PROPERTIES INC,Large cap,2022-02-25,DELAWARE,https://www.sec.gov/Archives/edgar/data/1037540/000165642322000013/bxp-20211231.htm
PFG,PRINCIPAL FINANCIAL GROUP INC,Financials,2022-02-11,DELAWARE,https://www.sec.gov/Archives/edgar/data/1126328/000110465922020401/pfg-20211231x10k.htm
TER,"TERADYNE, INC",Information Technology,2022-02-23,MASSACHUSETTS,https://www.sec.gov/Archives/edgar/data/97210/000119312522049828/d213661d10k.htm
TTWO,TAKE TWO INTERACTIVE SOFTWARE INC,Communication Services,2021-05-18,DELAWARE,https://www.sec.gov/Archives/edgar/data/946581/000162828021010627/ttwo-20210331.htm
CTRA,Coterra Energy Inc.,Energy,2022-03-01,DELAWARE,https://www.sec.gov/ix?doc=/Archives/edgar/data/858470/000085847022000009/cog-20211231.htm
BRO,"BROWN & BROWN, INC.",Financials,2022-02-22,FLORIDA,https://www.sec.gov/Archives/edgar/data/79282/000095017022001654/bro-20211231.htm
DRI,DARDEN RESTAURANTS INC,Consumer Discretionary,2021-07-23,FLORIDA,https://www.sec.gov/Archives/edgar/data/940944/000094094421000041/dri-20210530.htm
GPC,GENUINE PARTS CO,Consumer Discretionary,2022-02-17,GEORGIA,https://www.sec.gov/Archives/edgar/data/40987/000004098722000013/gpc-20211231.htm
CMS,CMS ENERGY CORP,Utilities,2022-02-10,MICHIGAN,https://www.sec.gov/Archives/edgar/data/201533/000081115622000048/cms-20211231.htm
EXPD,EXPEDITORS INTERNATIONAL OF WASHINGTON INC,Industrials,2022-03-15,WASHINGTON,https://www.sec.gov/Archives/edgar/data/746515/000156459022010381/expd-10k_20211231.htm
OMC,OMNICOM GROUP INC.,Communication Services,2022-02-09,NEW YORK,https://www.sec.gov/Archives/edgar/data/29989/000002998922000012/omc-20211231.htm
WAB,WESTINGHOUSE AIR BRAKE TECHNOLOGIES CORP,Industrials,2022-02-17,DELAWARE,https://www.sec.gov/Archives/edgar/data/943452/000162828022002997/wab-20211231.htm
CLX,CLOROX CO /DE/,Consumer Staples,2021-08-10,DELAWARE,https://www.sec.gov/Archives/edgar/data/21076/000002107621000016/clx-20210630.htm
VTRS,Viatris Inc,Health Care,2022-02-28,DELAWARE,https://www.sec.gov/Archives/edgar/data/1792044/000179204422000010/vtrs-20211231.htm
POOL,POOL CORP,Consumer Discretionary,2022-02-25,DELAWARE,https://www.sec.gov/Archives/edgar/data/945841/000094584122000023/pool-20211231.htm
BIO,"BIO-RAD LABORATORIES, INC.",Health Care,2022-02-11,DELAWARE,https://www.sec.gov/Archives/edgar/data/12208/000001220822000011/bio-20211231.htm
IP,INTERNATIONAL PAPER CO /NEW/,Materials,2022-02-18,NEW YORK,https://www.sec.gov/Archives/edgar/data/51434/000005143422000016/ip-20211231.htm
AMCR,Amcor plc,Materials,2021-08-24,JERSEY,https://www.sec.gov/Archives/edgar/data/1748790/000174879021000031/amcr-20210630.htm
WDC,WESTERN DIGITAL CORP,Information Technology,2021-08-26,DELAWARE,https://www.sec.gov/Archives/edgar/data/106040/000010604021000040/wdc-20210702.htm
TYL,TYLER TECHNOLOGIES INC,Information Technology,2022-02-23,DELAWARE,https://www.sec.gov/Archives/edgar/data/860731/000086073122000011/tyl-20211231.htm
CTLT,"Catalent, Inc.",Health Care,2021-08-30,DELAWARE,https://www.sec.gov/Archives/edgar/data/1596783/000159678321000110/ctlt-20210630.htm
CZR,"Caesars Entertainment, Inc.",Consumer Discretionary,2022-02-23,DELAWARE,https://www.sec.gov/Archives/edgar/data/1590895/000159089522000061/czr-20211231.htm
HOLX,HOLOGIC INC,Health Care,2021-11-16,DELAWARE,https://www.sec.gov/Archives/edgar/data/859737/000085973721000023/holx-20210925.htm
MOS,MOSAIC CO,Materials,2022-02-23,UNKNOWN,https://www.sec.gov/Archives/edgar/data/1285785/000161803422000004/mos-20211231.htm
KMX,CARMAX INC,Consumer Discretionary,2021-04-20,VIRGINIA,https://www.sec.gov/Archives/edgar/data/1170010/000117001021000053/kmx-20210228.htm
UDR,"UDR, Inc.",Large cap,2022-02-15,MARYLAND,https://www.sec.gov/Archives/edgar/data/74208/000007420822000010/udr-20211231x10k.htm
CAG,CONAGRA BRANDS INC.,Consumer Staples,2021-07-23,DELAWARE,https://www.sec.gov/Archives/edgar/data/23217/000156459021037738/cag-10k_20210530.htm
PEAK,"HEALTHPEAK PROPERTIES, INC.",Large cap,2022-02-09,MARYLAND,https://www.sec.gov/Archives/edgar/data/765880/000162828022002117/peak-20211231.htm
TRMB,TRIMBLE INC.,Information Technology,2022-02-22,DELAWARE,https://www.sec.gov/Archives/edgar/data/864749/000086474922000044/trmb-20211231.htm
MRO,MARATHON OIL CORP,Energy,2022-02-17,DELAWARE,https://www.sec.gov/Archives/edgar/data/101778/000010177822000016/mro-20211231.htm
NVR,NVR INC,Large cap,2022-02-16,VIRGINIA,https://www.sec.gov/Archives/edgar/data/906163/000090616322000008/nvr-20211231.htm
CNP,CENTERPOINT ENERGY INC,Utilities,2022-02-22,TEXAS,https://www.sec.gov/Archives/edgar/data/48732/000113031022000023/cnp-20211231.htm
ETSY,ETSY INC,Consumer Discretionary,2022-02-24,DELAWARE,https://www.sec.gov/Archives/edgar/data/1370637/000137063722000024/etsy-20211231.htm
AKAM,AKAMAI TECHNOLOGIES INC,Information Technology,2022-02-28,DELAWARE,https://www.sec.gov/Archives/edgar/data/1086222/000108622222000058/akam-20211231.htm
BR,"BROADRIDGE FINANCIAL SOLUTIONS, INC.",Information Technology,2021-08-12,UNKNOWN,https://www.sec.gov/Archives/edgar/data/1383312/000138331221000047/br-20210630.htm
CE,Celanese Corp,Materials,2022-02-10,DELAWARE,https://www.sec.gov/Archives/edgar/data/1306830/000130683022000017/ce-20211231.htm
NLOK,NortonLifeLock Inc.,Information Technology,2021-05-21,DELAWARE,https://www.sec.gov/Archives/edgar/data/849399/000084939921000010/nlok-20210402.htm
EMN,EASTMAN CHEMICAL CO,Materials,2022-02-24,DELAWARE,https://www.sec.gov/Archives/edgar/data/915389/000091538922000010/emn-20211231.htm
CF,"CF Industries Holdings, Inc.",Materials,2022-02-24,DELAWARE,https://www.sec.gov/Archives/edgar/data/1324404/000132440422000008/cf-20211231.htm
XYL,Xylem Inc.,Industrials,2022-02-25,INDIANA,https://www.sec.gov/Archives/edgar/data/1524472/000152447222000009/xyl-20211231.htm
WRB,BERKLEY W R CORP,Financials,2022-02-24,DELAWARE,https://www.sec.gov/Archives/edgar/data/11544/000001154422000007/wrb-20211231.htm
DGX,QUEST DIAGNOSTICS INC,Health Care,2022-02-28,DELAWARE,https://www.sec.gov/Archives/edgar/data/1022079/000102207922000027/dgx-20211231.htm
DISH,DISH Network CORP,Communication Services,2022-02-24,NEVADA,https://www.sec.gov/Archives/edgar/data/1001082/000155837022001816/dish-20211231x10k.htm
DPZ,DOMINOS PIZZA INC,Consumer Discretionary,2022-03-01,DELAWARE,https://www.sec.gov/Archives/edgar/data/1286681/000095017022002426/dpz-20220102.htm
UAL,"United Airlines Holdings, Inc.",Industrials,2022-02-18,DELAWARE,https://www.sec.gov/Archives/edgar/data/100517/000010051722000009/ual-20211231.htm
TECH,BIO-TECHNE Corp,Health Care,2021-08-25,MINNESOTA,https://www.sec.gov/Archives/edgar/data/842023/000143774921020980/tech20200630b_10k.htm
J,JACOBS ENGINEERING GROUP INC /DE/,Industrials,2021-11-23,DELAWARE,https://www.sec.gov/Archives/edgar/data/52988/000005298821000065/jec-20211001.htm
TXT,TEXTRON INC,Industrials,2022-02-17,DELAWARE,https://www.sec.gov/Archives/edgar/data/217346/000021734622000005/txt-20220101.htm
ROL,ROLLINS INC,Industrials,2022-02-25,DELAWARE,https://www.sec.gov/Archives/edgar/data/84839/000008483922000011/rol-20211231x10k.htm
FDS,FACTSET RESEARCH SYSTEMS INC,Financials,2021-10-22,DELAWARE,https://www.sec.gov/Archives/edgar/data/1013237/000101323721000142/fds-20210831.htm
L,LOEWS CORP,Financials,2022-02-08,DELAWARE,https://www.sec.gov/Archives/edgar/data/60086/000006008622000007/l-20211231.htm
AVY,Avery Dennison Corp,Materials,2022-02-23,DELAWARE,https://www.sec.gov/Archives/edgar/data/8818/000119312522049910/d179463d10k.htm
BEN,FRANKLIN RESOURCES INC,Financials,2021-11-19,DELAWARE,https://www.sec.gov/Archives/edgar/data/38777/000003877721000205/ben-20210930.htm
CAH,CARDINAL HEALTH INC,Health Care,2021-08-16,OHIO,https://www.sec.gov/Archives/edgar/data/721371/000072137121000080/cah-20210630.htm
DISCA,"Discovery, Inc.",Communication Services,2022-02-24,DELAWARE,https://www.sec.gov/Archives/edgar/data/1437107/000143710722000031/disca-20211231.htm
INCY,INCYTE CORP,Health Care,2022-02-08,DELAWARE,https://www.sec.gov/Archives/edgar/data/879169/000155837022000902/incy-20211231x10k.htm
SJM,J M SMUCKER Co,Consumer Staples,2021-06-17,OHIO,https://www.sec.gov/Archives/edgar/data/91419/000009141921000048/sjm-20210430.htm
FMC,FMC CORP,Materials,2022-02-25,DELAWARE,https://www.sec.gov/Archives/edgar/data/37785/000003778522000025/fmc-20211231.htm
HWM,Howmet Aerospace Inc.,Industrials,2022-02-14,DELAWARE,https://www.sec.gov/Archives/edgar/data/4281/000000428122000004/hwm-20211231.htm
TFX,TELEFLEX INC,Health Care,2022-03-01,DELAWARE,https://www.sec.gov/Archives/edgar/data/96943/000009694322000016/tfx-20211231.htm
CEG,Constellation Energy Corp,Utilities,2022-02-25,UNKNOWN,https://www.sec.gov/Archives/edgar/data/1168165/000186827522000020/ceg-20211231.htm
CRL,"CHARLES RIVER LABORATORIES INTERNATIONAL, INC.",Health Care,2022-02-16,UNKNOWN,https://www.sec.gov/Archives/edgar/data/1100682/000110068222000007/crl-20211225.htm
KIM,KIMCO REALTY CORP,Real Estate,2022-02-28,MARYLAND,https://www.sec.gov/Archives/edgar/data/879101/000143774922004700/kim20211231_10k.htm
PWR,"QUANTA SERVICES, INC.",Industrials,2022-02-25,DELAWARE,https://www.sec.gov/Archives/edgar/data/1050915/000105091522000008/pwr-20211231.htm
ATO,ATMOS ENERGY CORP,Utilities,2021-11-12,TEXAS,https://www.sec.gov/Archives/edgar/data/731802/000073180221000040/ato-20210930.htm
QRVO,"Qorvo, Inc.",Large cap,2021-05-24,DELAWARE,https://www.sec.gov/Archives/edgar/data/1604778/000160477821000032/rfmd-20210403.htm
IEX,IDEX CORP /DE/,Industrials,2022-02-24,DELAWARE,https://www.sec.gov/Archives/edgar/data/832101/000083210122000008/iex-20211231.htm
AES,AES CORP,Utilities,2022-02-28,DELAWARE,https://www.sec.gov/Archives/edgar/data/874761/000087476122000022/aes-20211231.htm
MKTX,MARKETAXESS HOLDINGS INC,Financials,2022-02-23,UNKNOWN,https://www.sec.gov/Archives/edgar/data/1278021/000095017022001811/mktx-20211231.htm
IPG,"INTERPUBLIC GROUP OF COMPANIES, INC.",Communication Services,2022-02-22,DELAWARE,https://www.sec.gov/Archives/edgar/data/51644/000005164422000010/ipg-20211231.htm
LNT,ALLIANT ENERGY CORP,Utilities,2022-02-18,IOWA,https://www.sec.gov/Archives/edgar/data/52485/000035254122000020/lnt-20211231.htm
PKG,PACKAGING CORP OF AMERICA,Materials,2022-02-24,UNKNOWN,https://www.sec.gov/Archives/edgar/data/75677/000095017022001913/pkg-20211231.htm
EVRG,"Evergy, Inc.",Utilities,2022-02-24,MISSOURI,https://www.sec.gov/Archives/edgar/data/54476/000171126922000008/evrg-20211231.htm
ABMD,ABIOMED INC,Health Care,2021-05-21,DELAWARE,https://www.sec.gov/Archives/edgar/data/815094/000156459021029314/abmd-10k_20210331.htm
LKQ,LKQ CORP,Consumer Discretionary,2022-02-25,DELAWARE,https://www.sec.gov/ix?doc=/Archives/edgar/data/1065696/000106569622000006/lkq-20211231.htm
MAS,MASCO CORP /DE/,Industrials,2022-02-08,DELAWARE,https://www.sec.gov/Archives/edgar/data/62996/000006299622000011/mas-20211231.htm
SEDG,"SOLAREDGE TECHNOLOGIES, INC.",Information Technology,2022-02-22,UNKNOWN,https://www.sec.gov/Archives/edgar/data/1419612/000117891322000760/zk2227328.htm
HST,"HOST HOTELS & RESORTS, INC.",Large cap,2022-02-24,DELAWARE,https://www.sec.gov/ix?doc=/Archives/edgar/data/1061937/000095017022001965/hst-20211231.htm
HAS,"HASBRO, INC.",Consumer Discretionary,2022-02-23,RHODE ISLAND,https://www.sec.gov/Archives/edgar/data/46080/000004608022000023/has-20211226.htm
NWS,NEWS CORP,Communication Services,2021-08-10,DELAWARE,https://www.sec.gov/Archives/edgar/data/1564708/000156470821000029/nws-20210630.htm
AAP,ADVANCE AUTO PARTS INC,Consumer Discretionary,2022-02-15,DELAWARE,https://www.sec.gov/Archives/edgar/data/1158449/000115844922000037/aap-20220101.htm
BBWI,"Bath & Body Works, Inc.",Large cap,2022-03-18,DELAWARE,https://www.sec.gov/Archives/edgar/data/701985/000070198522000009/bbwi-20220129.htm
RHI,ROBERT HALF INTERNATIONAL INC.,Industrials,2022-02-14,DELAWARE,https://www.sec.gov/Archives/edgar/data/315213/000031521322000018/rhi-20211231.htm
CPB,CAMPBELL SOUP CO,Consumer Staples,2021-09-23,NEW JERSEY,https://www.sec.gov/Archives/edgar/data/16732/000001673221000103/cpb-20210801.htm
NDSN,NORDSON CORP,Industrials,2021-12-17,OHIO,https://www.sec.gov/Archives/edgar/data/72331/000007233121000079/ndsn-20211031.htm
PTC,PTC INC.,Information Technology,2021-11-19,MASSACHUSETTS,https://www.sec.gov/Archives/edgar/data/857005/000156459021057806/ptc-10k_20210930.htm
LDOS,"Leidos Holdings, Inc.",Industrials,2022-02-15,UNKNOWN,https://www.sec.gov/Archives/edgar/data/1336920/000133692022000007/ldos-20211231.htm
CTXS,CITRIX SYSTEMS INC,Information Technology,2022-02-16,DELAWARE,https://www.sec.gov/Archives/edgar/data/877890/000087789022000019/ctxs-20211231.htm
LNC,LINCOLN NATIONAL CORP,Financials,2022-02-17,INDIANA,https://www.sec.gov/Archives/edgar/data/59558/000005955822000008/lnc-20211231x10k.htm
CMA,COMERICA INC /NEW/,Financials,2022-02-16,DELAWARE,https://www.sec.gov/Archives/edgar/data/28412/000002841222000067/cma-20211231.htm
CBOE,"Cboe Global Markets, Inc.",Large cap,2022-02-18,DELAWARE,https://www.sec.gov/Archives/edgar/data/1374310/000155837022001386/cboe-20211231x10k.htm
IRM,IRON MOUNTAIN INC,Real Estate,2022-02-24,DELAWARE,https://www.sec.gov/Archives/edgar/data/1020569/000102056922000035/irm-20211231.htm
JKHY,HENRY JACK & ASSOCIATES INC,Large cap,2021-08-25,DELAWARE,https://www.sec.gov/Archives/edgar/data/779152/000077915221000073/jkhy-20210630.htm
WRK,WestRock Co,Materials,2021-11-19,DELAWARE,https://www.sec.gov/Archives/edgar/data/1732845/000156459021057778/wrk-10k_20210930.htm
FFIV,"F5, INC.",Information Technology,2021-11-16,WASHINGTON,https://www.sec.gov/Archives/edgar/data/1048695/000104869521000044/ffiv-20210930.htm
XRAY,DENTSPLY SIRONA Inc.,Health Care,2022-03-01,DELAWARE,https://www.sec.gov/Archives/edgar/data/818479/000081847922000015/xray-20211231.htm
FBHS,"Fortune Brands Home & Security, Inc.",Industrials,2022-02-28,DELAWARE,https://www.sec.gov/ix?doc=/Archives/edgar/data/1519751/000095017022002294/fbhs-20211231.htm
RE,EVEREST RE GROUP LTD,Financials,2022-02-28,BERMUDA,https://www.sec.gov/Archives/edgar/data/1095073/000109507322000005/re-20211231.htm
WHR,WHIRLPOOL CORP /DE/,Consumer Discretionary,2022-02-10,DELAWARE,https://www.sec.gov/Archives/edgar/data/106640/000010664022000015/whr-20211231.htm
PHM,PULTEGROUP INC/MI/,Consumer Discretionary,2022-02-07,MICHIGAN,https://www.sec.gov/Archives/edgar/data/822416/000082241622000007/phm-20211231.htm
CHRW,"C. H. ROBINSON WORLDWIDE, INC.",Large cap,2022-02-23,DELAWARE,https://www.sec.gov/Archives/edgar/data/1043277/000104327722000006/chrw-20211231.htm
AAL,American Airlines Group Inc.,Industrials,2022-02-22,DELAWARE,https://www.sec.gov/Archives/edgar/data/4515/000000620122000026/aal-20211231.htm
APA,APA Corp,Energy,2022-02-22,DELAWARE,https://www.sec.gov/Archives/edgar/data/1841666/000178403122000009/apa-20211231.htm
UHS,UNIVERSAL HEALTH SERVICES INC,Health Care,2021-02-25,DELAWARE,https://www.sec.gov/Archives/edgar/data/352915/000156459021008851/uhs-10k_20201231.htm
SNA,Snap-on Inc,Industrials,2022-02-10,DELAWARE,https://www.sec.gov/Archives/edgar/data/91440/000009144022000005/sna-20220101.htm
HSIC,HENRY SCHEIN INC,Health Care,2022-02-15,DELAWARE,https://www.sec.gov/Archives/edgar/data/1000228/000100022822000016/hsicform10k20211225.htm
AOS,SMITH A O CORP,Industrials,2022-02-11,DELAWARE,https://www.sec.gov/Archives/edgar/data/91142/000009114222000028/aos-20211231.htm
REG,REGENCY CENTERS CORP,Real Estate,2022-02-17,FLORIDA,https://www.sec.gov/Archives/edgar/data/910606/000095017022001418/reg-20211231.htm
DVA,DAVITA INC.,Health Care,2022-02-11,DELAWARE,https://www.sec.gov/Archives/edgar/data/927066/000092706622000012/dva-20211231.htm
NI,NISOURCE INC.,Utilities,2022-02-23,DELAWARE,https://www.sec.gov/Archives/edgar/data/1111711/000111171122000007/nix-20211231.htm
ZION,"ZIONS BANCORPORATION, NATIONAL ASSOCIATION /UT/",Financials,2022-02-24,UTAH,https://www.sec.gov/Archives/edgar/data/109380/000010938022000072/zions-20211231.htm
JNPR,JUNIPER NETWORKS INC,Information Technology,2022-02-11,DELAWARE,https://www.sec.gov/Archives/edgar/data/1043604/000104360422000017/jnpr-20211231.htm
NWL,NEWELL BRANDS INC.,Consumer Discretionary,2022-02-14,DELAWARE,https://www.sec.gov/Archives/edgar/data/814453/000081445322000017/nwl-20211231.htm
WYNN,WYNN RESORTS LTD,Consumer Discretionary,2022-02-28,UNKNOWN,https://www.sec.gov/Archives/edgar/data/1174922/000117492222000031/wynn-20211231.htm
BWA,BORGWARNER INC,Consumer Discretionary,2022-02-15,DELAWARE,https://www.sec.gov/Archives/edgar/data/908255/000090825522000009/bwa-20211231.htm
TAP,MOLSON COORS BEVERAGE CO,Consumer Staples,2022-02-23,DELAWARE,https://www.sec.gov/Archives/edgar/data/24545/000002454522000005/tap-20211231.htm
GL,GLOBE LIFE INC.,Financials,2022-02-24,DELAWARE,https://www.sec.gov/Archives/edgar/data/320335/000032033522000006/gl-20211231.htm
TPR,"TAPESTRY, INC.",Consumer Discretionary,2021-08-19,MARYLAND,https://www.sec.gov/Archives/edgar/data/1116132/000111613221000020/tpr-20210703.htm
CDAY,Ceridian HCM Holding Inc.,Information Technology,2022-02-25,DELAWARE,https://www.sec.gov/Archives/edgar/data/1725057/000095017022002143/cday-20211231.htm
IVZ,Invesco Ltd.,Financials,2022-02-18,BERMUDA,https://www.sec.gov/Archives/edgar/data/914208/000091420822000319/ivz-20211231.htm
ALLE,Allegion plc,Industrials,2022-02-15,IRELAND,https://www.sec.gov/Archives/edgar/data/1579241/000157924122000019/alle-20211231.htm
LUMN,"Lumen Technologies, Inc.",Large cap,2022-02-24,LOUISIANA,https://www.sec.gov/Archives/edgar/data/18926/000001892622000007/lumn-20211231.htm
SEE,SEALED AIR CORP/DE,Materials,2022-02-22,DELAWARE,https://www.sec.gov/Archives/edgar/data/1012100/000162828022003294/see-20211231.htm
MHK,MOHAWK INDUSTRIES INC,Consumer Discretionary,2022-02-23,DELAWARE,https://www.sec.gov/Archives/edgar/data/851968/000085196822000026/mhk-20211231.htm
LW,"Lamb Weston Holdings, Inc.",Consumer Staples,2021-07-27,UNKNOWN,https://www.sec.gov/Archives/edgar/data/1679273/000155837021009330/lw-20210530x10k.htm
PNR,PENTAIR plc,Industrials,2022-02-22,IRELAND,https://www.sec.gov/Archives/edgar/data/77360/000007736022000006/pnr-20211231.htm
AIZ,"ASSURANT, INC.",Financials,2022-02-22,DELAWARE,https://www.sec.gov/Archives/edgar/data/1267238/000126723822000006/aiz-20211231.htm
NRG,"NRG ENERGY, INC.",Utilities,2022-02-24,DELAWARE,https://www.sec.gov/Archives/edgar/data/1013871/000101387122000010/nrg-20211231.htm
FRT,FEDERAL REALTY INVESTMENT TRUST,Real Estate,2022-02-10,MARYLAND,https://www.sec.gov/Archives/edgar/data/34903/000003490322000023/frt-20211231.htm
RL,RALPH LAUREN CORP,Consumer Discretionary,2021-05-20,DELAWARE,https://www.sec.gov/Archives/edgar/data/1037038/000103703821000022/rl-20210327.htm
PBCT,"People's United Financial, Inc.",Financials,2022-03-01,DELAWARE,https://www.sec.gov/Archives/edgar/data/1378946/000162828022004389/pbct-20211231.htm
DXC,DXC Technology Co,Information Technology,2021-05-27,NEVADA,https://www.sec.gov/Archives/edgar/data/1688568/000168856821000029/dxc-20210331.htm
VNO,VORNADO REALTY TRUST,Real Estate,2022-02-14,MARYLAND,https://www.sec.gov/Archives/edgar/data/899689/000089968922000006/vno-20211231.htm
PENN,PENN NATIONAL GAMING INC,Consumer Discretionary,2022-02-28,PENNSYLVANIA,https://www.sec.gov/Archives/edgar/data/921738/000092173822000011/penn-20211231.htm
PNW,PINNACLE WEST CAPITAL CORP,Utilities,2022-02-25,ARIZONA,https://www.sec.gov/Archives/edgar/data/7286/000076462222000014/pnw-20211231.htm
ALK,"ALASKA AIR GROUP, INC.",Industrials,2022-02-11,DELAWARE,https://www.sec.gov/Archives/edgar/data/766421/000076642122000009/alk-20211231.htm
HII,"HUNTINGTON INGALLS INDUSTRIES, INC.",Industrials,2022-02-10,DELAWARE,https://www.sec.gov/Archives/edgar/data/1501585/000150158522000007/hii-20211231.htm
IPGP,IPG PHOTONICS CORP,Information Technology,2022-02-22,DELAWARE,https://www.sec.gov/Archives/edgar/data/1111928/000111192822000025/ipgp-20211231.htm
UA,"Under Armour, Inc.",Consumer Discretionary,2022-02-23,MARYLAND,https://www.sec.gov/Archives/edgar/data/1336917/000133691722000010/ua-20211231.htm
PVH,PVH CORP. /DE/,Consumer Discretionary,2021-03-31,DELAWARE,https://www.sec.gov/Archives/edgar/data/78239/000007823921000017/pvh-20210131.htm
NLSN,Nielsen Holdings plc,Industrials,2022-02-28,UNITED KINGDOM,https://www.sec.gov/ix?doc=/Archives/edgar/data/1492633/000156459022007612/nlsnnv-10k_20211231.htm
NCLH,Norwegian Cruise Line Holdings Ltd.,Consumer Discretionary,2022-03-01,BERMUDA,https://www.sec.gov/Archives/edgar/data/1513761/000155837022002516/nclh-20211231x10k.htm
